{"country":{"AR":[-73.57274,-55.052016,-53.66672,-21.786938],"UY":[-58.438344,-34.973403,-53.11404,-30.102037],"ID":[95.197276,-9.107293,140.977162,5.65469],"MY":[100.127289,0.85137,119.274262,7.025092],"CI":[-75.707021,-53.886,-67.013967,-17.506588],"BL":[-69.666492,-22.892503,-57.465661,-9.679821],"PE":[-81.337558,-18.337746,-68.684252,-0.029093],"CY":[32.275157,34.625019,34.099132,35.199403],"IN":[68.143403,8.075995,97.362253,35.495406],"CH":[73.602256,16.657945,134.772579,53.569444],"IS":[34.248351,29.489936,35.888073,33.406722],"WE":[34.200269,31.211449,35.572536,32.54264],"LE":[35.09962,33.05558,36.604101,34.687548],"ET":[32.9898,3.403333,47.979169,14.879532],"OD":[24.121556,3.490202,35.920835,12.216155],"SO":[40.965385,-1.696303,51.417038,11.989119],"KE":[33.893569,-4.677504,41.885019,5.030376],"MI":[32.667649,-17.132028,35.904299,-9.381235],"TZ":[29.321032,-11.729412,40.449392,-0.98583],"SY":[35.723399,32.316788,42.377186,37.324906],"FR":[-61.547963,-21.370782,55.854503,51.087541],"NS":[-58.065934,1.833507,-53.986357,6.011574],"GY":[-61.396713,1.18582,-56.481819,8.55801],"KS":[126.128184,33.197577,129.58725,38.624335],"KN":[124.321544,37.675605,130.699962,43.01027],"MO":[-17.013743,21.419971,-1.031999,35.924504],"WI":[-17.104644,20.766913,-8.682385,27.661439],"CS":[-85.946441,8.034748,-82.562837,11.209937],"NU":[-87.685658,10.713482,-83.130444,15.03097],"CF":[11.114016,-5.019631,18.642407,3.708276],"CG":[12.210541,-13.457627,31.280447,5.37528],"BT":[88.733082,26.696201,92.084849,28.358399],"UP":[22.13284,45.215888,40.159543,52.367296],"BO":[23.165645,51.235168,32.719532,56.156806],"WA":[11.717621,-28.959368,25.259781,-16.951057],"SF":[16.469981,-34.821954,32.893077,-22.126452],"RN":[-63.14684,18.033391,-63.010732,18.122138],"NN":[-63.118886,18.01911,-63.017569,18.06212],"AE":[51.569347,22.620946,56.369965,26.074792],"MU":[51.978615,16.642401,59.839366,26.385972],"UZ":[55.976149,37.185147,73.148641,45.558719],"KZ":[46.478279,40.584656,87.323796,55.43455],"TI":[67.346462,36.678641,75.164125,41.039977],"LH":[21.044688,53.886841,26.80072,56.442602],"BR":[-74.018475,-33.74228,-34.793609,5.267225],"MG":[87.737879,41.586145,119.907027,52.129584],"RS":[19.609548,41.192681,180,77.735541],"EZ":[12.076141,48.558639,18.83454,51.040012],"GM":[5.85249,47.271121,15.022059,54.9059],"EN":[21.832367,57.515819,28.186475,59.670885],"LG":[20.969086,55.666991,28.217275,58.075138],"NO":[3.345551,-54.455662,31.076996,80.067369],"SW":[11.108165,55.345445,24.163414,69.036356],"FI":[19.513194,59.813178,31.569525,70.07531],"VM":[102.118655,8.565579,109.472423,23.366275],"CB":[102.313424,10.415774,107.610516,14.704582],"LU":[5.718958,49.441324,6.502579,50.174975],"BE":[2.5218,49.498944,6.374525,51.496238],"GG":[39.985976,41.044111,46.694803,43.575843],"MK":[20.444157,40.849394,23.008859,42.370335],"AL":[19.274926,39.640062,21.036679,42.654814],"AJ":[44.774559,38.392645,50.387869,41.890442],"KV":[20.024751,41.84401,21.772758,43.263071],"TU":[26.033214,35.822569,44.806993,42.098782],"SP":[-16.916058,27.999847,3.474376,43.790473],"LA":[100.097073,13.916542,107.657594,22.496044],"KG":[69.226296,39.189237,80.256527,43.261702],"AM":[43.440428,38.863701,46.602612,41.290452],"DA":[8.095225,54.56859,12.621918,57.751166],"LY":[9.286544,19.496124,25.152517,33.181225],"TS":[7.479832,30.228905,11.564131,37.345201],"RO":[20.242826,43.65005,29.699555,48.274832],"HU":[16.094035,45.743204,22.877601,48.569233],"LO":[16.847581,47.750006,22.539637,49.60178],"PL":[14.123923,48.994013,24.143156,54.838324],"EI":[-10.478179,51.445705,-5.99352,55.386379],"UK":[-8.173837,49.913642,1.771169,60.643052],"GR":[19.626475,34.931627,28.239757,41.750476],"ZA":[21.979878,-18.069232,33.674203,-8.194124],"SL":[-13.301096,6.91942,-10.282236,9.996006],"GV":[-15.081125,7.190208,-7.662447,12.673388],"LI":[-11.476186,4.347235,-7.384118,8.565396],"CT":[14.387266,2.236454,27.441301,10.99827],"SU":[21.809449,8.681642,38.603852,22.226965],"DJ":[41.74911,10.929825,43.418712,12.707913],"ER":[36.425094,12.360022,43.123871,18.004828],"AU":[9.521155,46.378643,17.148338,49.009774],"IZ":[38.774511,29.063137,48.559255,37.375498],"IT":[6.602728,36.654934,18.516124,47.085215],"SZ":[5.95853,45.820718,10.465903,47.801166],"IR":[44.014863,25.059408,63.319628,39.771527],"NL":[-68.417388,12.023627,7.195405,53.460639],"LS":[9.475886,47.05553,9.588253,47.262801],"IV":[-8.61872,4.350979,-2.506328,10.723274],"RI":[18.844978,42.234945,22.981367,46.168398],"ML":[-12.26413,10.140054,4.235638,24.995065],"SG":[-17.536041,12.305607,-11.377776,16.691385],"NI":[2.671695,4.278144,14.668283,13.880291],"BN":[0.760708,6.213894,3.837246,12.399244],"AO":[11.735525,-18.031405,24.061714,-4.396165],"HR":[13.501475,42.416327,19.407838,46.546979],"SI":[13.365261,45.423637,16.515302,46.862774],"QA":[50.750987,24.559872,51.611095,26.160102],"SA":[34.572765,16.370958,55.637565,32.121348],"BC":[19.978346,-26.891794,29.350074,-17.781808],"ZI":[25.21937,-22.39734,33.042768,-15.614808],"PK":[60.844379,23.694525,77.048971,37.054484],"BU":[22.345023,41.239396,28.603526,44.228435],"TH":[97.351401,5.637642,105.650998,20.445006],"SM":[12.385629,43.893276,12.491516,43.982567],"HA":[-74.489166,18.02619,-71.639111,19.943915],"DR":[-72.009838,17.604804,-68.328603,19.93769],"CD":[13.449184,7.455567,23.984406,23.44472],"KU":[46.532436,28.533505,48.432781,30.098216],"ES":[-90.114314,13.166571,-87.703608,14.445373],"GT":[-92.246257,13.731404,-88.220937,17.81602],"TT":[124.03004,-9.501228,127.313243,-8.309015],"BX":[113.99879,4.016681,115.358261,5.054104],"MN":[7.36575,43.717969,7.437454,43.763506],"AG":[-8.682385,18.975561,11.968861,37.09394],"MZ":[30.214465,-26.860272,40.843516,-10.472589],"WZ":[30.782906,-27.316264,32.117398,-25.735999],"BY":[28.986892,-4.463344,30.832929,-2.303062],"RW":[28.857236,-2.826855,30.887809,-1.058694],"BM":[92.174973,9.987454,101.168842,28.538466],"BG":[88.02179,20.742011,92.64104,26.618015],"AN":[1.406456,42.428677,1.765091,42.649362],"AF":[60.486778,29.386605,74.892307,38.473053],"MJ":[18.433531,41.852362,20.355171,43.547886],"BK":[15.716074,42.559212,19.618885,45.284524],"UG":[29.551518,-1.472932,35.006473,4.219692],"CU":[-84.947255,19.828925,-74.139638,23.212388],"HO":[-89.361621,12.979777,-83.130444,16.429448],"EC":[-91.60436,-5.011373,-75.227264,1.434312],"CO":[-81.723704,-4.236484,-66.875061,12.591254],"PA":[-62.650357,-27.580641,-54.245289,-19.286729],"PO":[-25.859486,32.644029,-6.205947,42.15363],"MD":[26.617889,45.461774,30.131576,48.486034],"TX":[52.437671,35.140647,66.645782,42.791188],"JO":[34.949385,29.189951,39.291999,33.371685],"NP":[80.033905,26.34599,88.167517,30.416904],"LT":[27.002155,-30.658799,29.435908,-28.570761],"CM":[8.509939,1.654551,16.207723,13.081141],"GB":[8.695567,-3.936856,14.498991,2.322495],"NG":[0.152941,11.695773,15.970322,23.517351],"UV":[-5.522578,9.391883,2.390169,15.079908],"TO":[-0.166109,6.100491,1.782351,11.13498],"GH":[-3.261114,4.737128,1.187968,11.162937],"PU":[-16.728437,10.927639,-13.660712,12.679434],"GI":[-5.358387,36.1105,-5.338773,36.14112],"US":[-168.137441,18.906117,-66.977325,71.412502],"CA":[-141.005564,41.669086,-55.616526,72.002143],"MX":[-117.125121,14.549346,-86.741567,32.712836],"BH":[-89.234135,15.879652,-88.091542,18.490759],"PM":[-83.052109,7.205715,-77.16327,9.629292],"VE":[-73.390839,0.649315,-59.815595,15.696031],"PP":[140.849211,-10.701349,155.96754,-1.947035],"EG":[24.688653,21.994369,36.899181,31.65648],"YM":[42.610118,12.598049,53.090343,18.995638],"MR":[-17.077428,14.734399,-4.821613,27.285416],"EK":[5.61199,-1.475681,11.336341,3.772406],"GA":[-16.829701,13.065009,-13.818713,13.819984],"HK":[113.839203,22.189561,114.401296,22.563946],"VT":[12.452767,41.903439,12.453031,41.903915],"AY":[-180,-90,180,-63.214776],"NZ":[165.886485,-52.600313,-172.483835,-8.543227],"NC":[163.986013,-22.392022,167.464692,-20.083103],"AS":[113.15698,-54.750421,159.106456,-10.690199],"MA":[43.222911,-25.598565,50.503917,-11.947686],"RP":[117.19044,5.048814,126.617686,20.488471],